"Molecule ChEMBL ID";"Molecule Name";"Molecule Max Phase";"Molecular Weight";"#RO5 Violations";"AlogP";"Compound Key";"Smiles";"Standard Type";"Standard Relation";"Standard Value";"Standard Units";"pChEMBL Value";"Data Validity Comment";"Comment";"Uo Units";"Ligand Efficiency BEI";"Ligand Efficiency LE";"Ligand Efficiency LLE";"Ligand Efficiency SEI";"Potential Duplicate";"Assay ChEMBL ID";"Assay Description";"Assay Type";"BAO Format ID";"BAO Label";"Assay Organism";"Assay Tissue ChEMBL ID";"Assay Tissue Name";"Assay Cell Type";"Assay Subcellular Fraction";"Assay Parameters";"Assay Variant Accession";"Assay Variant Mutation";"Target ChEMBL ID";"Target Name";"Target Organism";"Target Type";"Document ChEMBL ID";"Source ID";"Source Description";"Document Journal";"Document Year";"Cell ChEMBL ID";"Properties"
"CHEMBL3261328";"";"0";"373.26";"0";"3.98";"42";"CC(C)c1cc(Sc2c(Cl)cc(CC(=O)O)cc2Cl)n[nH]c1=O";"EC50";"'='";"2040.0";"nM";"5.69";"";"";"UO_0000065";"15.25";"0.34";"1.71";"6.85";"0";"CHEMBL3266217";"Agonist activity at recombinant His6-tagged THR-beta (unknown origin) expressed in Escherichia coli BL21(DE3) co-expressing RXR preincubated for 30 mins assessed as biotin-GRIP1 peptide recruitment by HTRF assay";"B";"BAO_0000019";"assay format";"Homo sapiens";"None";"None";"None";"None";"";"";"";"CHEMBL1947";"Thyroid hormone receptor beta-1";"Homo sapiens";"SINGLE PROTEIN";"CHEMBL3259553";"1";"Scientific Literature";"J. Med. Chem.";"2014";"None";""
"CHEMBL39174";"";"0";"444.12";"1";"5.46";"11a";"CC(C)c1cc(Oc2c(Br)cc(CC(=O)O)cc2Br)ccc1O";"EC50";"'='";"0.2";"nM";"9.70";"";"";"UO_0000065";"21.84";"0.58";"4.24";"14.53";"0";"CHEMBL814600";"Effect on CHO-K1 cells stably transfected with Thyroid hormone receptor beta and an alkaline phosphate reporter gene downstream thyroid response element TRAF-beta1 was determined";"B";"BAO_0000219";"cell-based format";"Homo sapiens";"None";"None";"CHO-K1";"None";"";"";"";"CHEMBL1947";"Thyroid hormone receptor beta-1";"Homo sapiens";"SINGLE PROTEIN";"CHEMBL1136772";"1";"Scientific Literature";"J. Med. Chem.";"2003";"CHEMBL3307512";""
"CHEMBL264153";"";"0";"578.14";"1";"3.71";"CO28";"CCc1cc(Oc2c(I)cc(CC3NC(=O)NC3=O)cc2I)ccc1O";"EC50";"'='";"27.0";"nM";"7.57";"";"";"UO_0000065";"13.09";"0.40";"3.86";"8.63";"0";"CHEMBL939184";"Effect on human TRbeta transactivation activity in HeLa cells by luciferase reporter assay";"B";"BAO_0000219";"cell-based format";"Homo sapiens";"None";"None";"HeLa";"None";"";"";"";"CHEMBL1947";"Thyroid hormone receptor beta-1";"Homo sapiens";"SINGLE PROTEIN";"CHEMBL1143954";"1";"Scientific Literature";"Bioorg. Med. Chem.";"2008";"CHEMBL3308376";""
"CHEMBL263630";"";"0";"592.17";"1";"4.27";"CO23";"CC(C)c1cc(Oc2c(I)cc(CC3NC(=O)NC3=O)cc2I)ccc1O";"EC50";"'='";"58.0";"nM";"7.24";"";"";"UO_0000065";"12.22";"0.37";"2.97";"8.26";"0";"CHEMBL939184";"Effect on human TRbeta transactivation activity in HeLa cells by luciferase reporter assay";"B";"BAO_0000219";"cell-based format";"Homo sapiens";"None";"None";"HeLa";"None";"";"";"";"CHEMBL1947";"Thyroid hormone receptor beta-1";"Homo sapiens";"SINGLE PROTEIN";"CHEMBL1143954";"1";"Scientific Literature";"Bioorg. Med. Chem.";"2008";"CHEMBL3308376";""
"CHEMBL3261336";"";"0";"408.25";"0";"2.03";"58";"CC(C)c1cc(Cc2c(Cl)cc(-n3ncc(=O)[nH]c3=O)cc2Cl)n[nH]c1=O";"EC50";"'='";"90.0";"nM";"7.05";"";"";"UO_0000065";"17.26";"0.36";"5.02";"6.21";"0";"CHEMBL3266217";"Agonist activity at recombinant His6-tagged THR-beta (unknown origin) expressed in Escherichia coli BL21(DE3) co-expressing RXR preincubated for 30 mins assessed as biotin-GRIP1 peptide recruitment by HTRF assay";"B";"BAO_0000019";"assay format";"Homo sapiens";"None";"None";"None";"None";"";"";"";"CHEMBL1947";"Thyroid hormone receptor beta-1";"Homo sapiens";"SINGLE PROTEIN";"CHEMBL3259553";"1";"Scientific Literature";"J. Med. Chem.";"2014";"None";""
"CHEMBL3261321";"";"0";"446.10";"0";"3.84";"21";"CC(C)c1cc(Oc2c(Br)cc(CC(=O)O)cc2Br)n[nH]c1=O";"EC50";"'='";"460.0";"nM";"6.34";"";"";"UO_0000065";"14.21";"0.38";"2.50";"6.87";"0";"CHEMBL3266217";"Agonist activity at recombinant His6-tagged THR-beta (unknown origin) expressed in Escherichia coli BL21(DE3) co-expressing RXR preincubated for 30 mins assessed as biotin-GRIP1 peptide recruitment by HTRF assay";"B";"BAO_0000019";"assay format";"Homo sapiens";"None";"None";"None";"None";"";"";"";"CHEMBL1947";"Thyroid hormone receptor beta-1";"Homo sapiens";"SINGLE PROTEIN";"CHEMBL3259553";"1";"Scientific Literature";"J. Med. Chem.";"2014";"None";""
"CHEMBL3126372";"";"0";"380.44";"0";"4.24";"11c";"Cc1ccc(NC(=O)CC(=O)O)c2ccn(Cc3ccc(O)c(C(C)C)c3)c12";"EC50";"'='";"1300.0";"nM";"5.89";"";"";"UO_0000065";"15.47";"0.29";"1.65";"6.43";"0";"CHEMBL3131647";"Agonist activity at human recombinant TRbeta1 transfected in human HepG2 cells after 8 to 10 hrs by alkaline phosphatase reporter gene assay";"B";"BAO_0000219";"cell-based format";"Homo sapiens";"None";"None";"HepG2";"None";"";"";"";"CHEMBL1947";"Thyroid hormone receptor beta-1";"Homo sapiens";"SINGLE PROTEIN";"CHEMBL3124871";"1";"Scientific Literature";"Bioorg. Med. Chem.";"2014";"CHEMBL3307718";""
"CHEMBL3126374";"";"0";"351.45";"0";"4.84";"4c";"Cc1c(CCC(=O)O)c2ccccc2n1Cc1ccc(O)c(C(C)C)c1";"EC50";"'='";"37.0";"nM";"7.43";"";"";"UO_0000065";"21.15";"0.39";"2.59";"11.90";"0";"CHEMBL3131648";"Agonist activity at human recombinant TRbeta1 transfected in CV-1 cells after 8 to 10 hrs by alkaline phosphatase reporter gene assay";"B";"BAO_0000219";"cell-based format";"Homo sapiens";"None";"None";"CV-1";"None";"";"";"";"CHEMBL1947";"Thyroid hormone receptor beta-1";"Homo sapiens";"SINGLE PROTEIN";"CHEMBL3124871";"1";"Scientific Literature";"Bioorg. Med. Chem.";"2014";"CHEMBL3308033";""
"CHEMBL1544";"LIOTHYRONINE";"4";"650.98";"1";"3.95";"1, T3";"N[C@@H](Cc1cc(I)c(Oc2ccc(O)c(I)c2)c(I)c1)C(=O)O";"EC50";"'='";"15.0";"nM";"7.82";"";"";"UO_0000065";"12.02";"0.46";"3.87";"8.43";"0";"CHEMBL3266217";"Agonist activity at recombinant His6-tagged THR-beta (unknown origin) expressed in Escherichia coli BL21(DE3) co-expressing RXR preincubated for 30 mins assessed as biotin-GRIP1 peptide recruitment by HTRF assay";"B";"BAO_0000019";"assay format";"Homo sapiens";"None";"None";"None";"None";"";"";"";"CHEMBL1947";"Thyroid hormone receptor beta-1";"Homo sapiens";"SINGLE PROTEIN";"CHEMBL3259553";"1";"Scientific Literature";"J. Med. Chem.";"2014";"None";""
"CHEMBL41036";"";"0";"355.22";"1";"5.24";"3, KB-141";"CC(C)c1cc(Oc2c(Cl)cc(CC(=O)O)cc2Cl)ccc1O";"EC50";"'='";"23.0";"nM";"7.64";"";"";"UO_0000065";"21.50";"0.45";"2.40";"11.44";"0";"CHEMBL3266217";"Agonist activity at recombinant His6-tagged THR-beta (unknown origin) expressed in Escherichia coli BL21(DE3) co-expressing RXR preincubated for 30 mins assessed as biotin-GRIP1 peptide recruitment by HTRF assay";"B";"BAO_0000019";"assay format";"Homo sapiens";"None";"None";"None";"None";"";"";"";"CHEMBL1947";"Thyroid hormone receptor beta-1";"Homo sapiens";"SINGLE PROTEIN";"CHEMBL3259553";"1";"Scientific Literature";"J. Med. Chem.";"2014";"None";""
"CHEMBL3261327";"";"0";"444.12";"0";"3.64";"38";"CC(C)c1cc(Cc2c(Br)cc(CC(=O)O)cc2Br)n[nH]c1=O";"EC50";"'='";"600.0";"nM";"6.22";"";"";"UO_0000065";"14.01";"0.37";"2.58";"7.49";"0";"CHEMBL3266217";"Agonist activity at recombinant His6-tagged THR-beta (unknown origin) expressed in Escherichia coli BL21(DE3) co-expressing RXR preincubated for 30 mins assessed as biotin-GRIP1 peptide recruitment by HTRF assay";"B";"BAO_0000019";"assay format";"Homo sapiens";"None";"None";"None";"None";"";"";"";"CHEMBL1947";"Thyroid hormone receptor beta-1";"Homo sapiens";"SINGLE PROTEIN";"CHEMBL3259553";"1";"Scientific Literature";"J. Med. Chem.";"2014";"None";""
"CHEMBL418432";"";"0";"369.24";"1";"5.63";"17";"CC(C)c1cc(Oc2c(Cl)cc(CCC(=O)O)cc2Cl)ccc1O";"EC50";"'='";"0.28";"nM";"9.55";"";"";"UO_0000065";"25.87";"0.54";"3.92";"14.31";"0";"CHEMBL814600";"Effect on CHO-K1 cells stably transfected with Thyroid hormone receptor beta and an alkaline phosphate reporter gene downstream thyroid response element TRAF-beta1 was determined";"B";"BAO_0000219";"cell-based format";"Homo sapiens";"None";"None";"CHO-K1";"None";"";"";"";"CHEMBL1947";"Thyroid hormone receptor beta-1";"Homo sapiens";"SINGLE PROTEIN";"CHEMBL1136772";"1";"Scientific Literature";"J. Med. Chem.";"2003";"CHEMBL3307512";""
"CHEMBL3261323";"";"0";"371.22";"0";"3.63";"23";"CC(C)c1cc(Oc2c(Cl)cc(CC(=O)O)cc2Cl)nn(C)c1=O";"EC50";"'='";"770.0";"nM";"6.11";"";"";"UO_0000065";"16.47";"0.35";"2.48";"7.51";"0";"CHEMBL3266217";"Agonist activity at recombinant His6-tagged THR-beta (unknown origin) expressed in Escherichia coli BL21(DE3) co-expressing RXR preincubated for 30 mins assessed as biotin-GRIP1 peptide recruitment by HTRF assay";"B";"BAO_0000019";"assay format";"Homo sapiens";"None";"None";"None";"None";"";"";"";"CHEMBL1947";"Thyroid hormone receptor beta-1";"Homo sapiens";"SINGLE PROTEIN";"CHEMBL3259553";"1";"Scientific Literature";"J. Med. Chem.";"2014";"None";""
"CHEMBL264152";"";"0";"564.12";"1";"3.45";"CO27";"Cc1cc(Oc2c(I)cc(CC3NC(=O)NC3=O)cc2I)ccc1O";"EC50";"'='";"4000.0";"nM";"5.40";"";"";"UO_0000065";"9.57";"0.29";"1.95";"6.16";"0";"CHEMBL939182";"Effect on human TRbeta transactivation activity in U2OS cells by luciferase reporter assay";"B";"BAO_0000219";"cell-based format";"Homo sapiens";"None";"None";"U2OS";"None";"";"";"";"CHEMBL1947";"Thyroid hormone receptor beta-1";"Homo sapiens";"SINGLE PROTEIN";"CHEMBL1143954";"1";"Scientific Literature";"Bioorg. Med. Chem.";"2008";"CHEMBL3307757";""
"CHEMBL250880";"";"0";"408.24";"1";"5.15";"12b";"CC(C)c1cc(Oc2c(Cl)cc3[nH]c(C(=O)O)cc(=O)c3c2Cl)ccc1O";"EC50";"";"";"";"";"";"Not Determined";"";"";"";"";"";"0";"CHEMBL865335";"Efficacy against TRAF-beta-1 reporter cells";"F";"BAO_0000219";"cell-based format";"Homo sapiens";"None";"None";"None";"None";"";"";"";"CHEMBL1947";"Thyroid hormone receptor beta-1";"Homo sapiens";"SINGLE PROTEIN";"CHEMBL1138993";"1";"Scientific Literature";"Bioorg. Med. Chem. Lett.";"2006";"None";""
"CHEMBL264152";"";"0";"564.12";"1";"3.45";"CO27";"Cc1cc(Oc2c(I)cc(CC3NC(=O)NC3=O)cc2I)ccc1O";"EC50";"'='";"180.0";"nM";"6.75";"";"";"UO_0000065";"11.96";"0.37";"3.29";"7.69";"0";"CHEMBL939184";"Effect on human TRbeta transactivation activity in HeLa cells by luciferase reporter assay";"B";"BAO_0000219";"cell-based format";"Homo sapiens";"None";"None";"HeLa";"None";"";"";"";"CHEMBL1947";"Thyroid hormone receptor beta-1";"Homo sapiens";"SINGLE PROTEIN";"CHEMBL1143954";"1";"Scientific Literature";"Bioorg. Med. Chem.";"2008";"CHEMBL3308376";""
"CHEMBL1544";"LIOTHYRONINE";"4";"650.98";"1";"3.95";"T3";"N[C@@H](Cc1cc(I)c(Oc2ccc(O)c(I)c2)c(I)c1)C(=O)O";"EC50";"'='";"2.4";"nM";"8.62";"";"";"UO_0000065";"13.24";"0.51";"4.67";"9.29";"0";"CHEMBL939184";"Effect on human TRbeta transactivation activity in HeLa cells by luciferase reporter assay";"B";"BAO_0000219";"cell-based format";"Homo sapiens";"None";"None";"HeLa";"None";"";"";"";"CHEMBL1947";"Thyroid hormone receptor beta-1";"Homo sapiens";"SINGLE PROTEIN";"CHEMBL1143954";"1";"Scientific Literature";"Bioorg. Med. Chem.";"2008";"CHEMBL3308376";""
"CHEMBL264153";"";"0";"578.14";"1";"3.71";"CO28";"CCc1cc(Oc2c(I)cc(CC3NC(=O)NC3=O)cc2I)ccc1O";"EC50";"'='";"1400.0";"nM";"5.85";"";"";"UO_0000065";"10.13";"0.31";"2.14";"6.68";"0";"CHEMBL939182";"Effect on human TRbeta transactivation activity in U2OS cells by luciferase reporter assay";"B";"BAO_0000219";"cell-based format";"Homo sapiens";"None";"None";"U2OS";"None";"";"";"";"CHEMBL1947";"Thyroid hormone receptor beta-1";"Homo sapiens";"SINGLE PROTEIN";"CHEMBL1143954";"1";"Scientific Literature";"Bioorg. Med. Chem.";"2008";"CHEMBL3307757";""
"CHEMBL1544";"LIOTHYRONINE";"4";"650.98";"1";"3.95";"T3";"N[C@@H](Cc1cc(I)c(Oc2ccc(O)c(I)c2)c(I)c1)C(=O)O";"EC50";"'='";"11.0";"nM";"7.96";"";"";"UO_0000065";"12.23";"0.47";"4.01";"8.58";"0";"CHEMBL939182";"Effect on human TRbeta transactivation activity in U2OS cells by luciferase reporter assay";"B";"BAO_0000219";"cell-based format";"Homo sapiens";"None";"None";"U2OS";"None";"";"";"";"CHEMBL1947";"Thyroid hormone receptor beta-1";"Homo sapiens";"SINGLE PROTEIN";"CHEMBL1143954";"1";"Scientific Literature";"Bioorg. Med. Chem.";"2008";"CHEMBL3307757";""
"CHEMBL258886";"";"0";"628.99";"1";"3.91";"CO32";"O=C1NC(=O)C(Cc2cc(I)c(Oc3ccc(O)c(Br)c3)c(I)c2)N1";"EC50";"'='";"530.0";"nM";"6.28";"";"";"UO_0000065";"9.98";"0.34";"2.37";"7.16";"0";"CHEMBL939184";"Effect on human TRbeta transactivation activity in HeLa cells by luciferase reporter assay";"B";"BAO_0000219";"cell-based format";"Homo sapiens";"None";"None";"HeLa";"None";"";"";"";"CHEMBL1947";"Thyroid hormone receptor beta-1";"Homo sapiens";"SINGLE PROTEIN";"CHEMBL1143954";"1";"Scientific Literature";"Bioorg. Med. Chem.";"2008";"CHEMBL3308376";""
"CHEMBL259096";"";"0";"675.99";"1";"3.75";"CO31";"O=C1NC(=O)C(Cc2cc(I)c(Oc3ccc(O)c(I)c3)c(I)c2)N1";"EC50";"'='";"216.0";"nM";"6.67";"";"";"UO_0000065";"9.86";"0.36";"2.92";"7.60";"0";"CHEMBL939184";"Effect on human TRbeta transactivation activity in HeLa cells by luciferase reporter assay";"B";"BAO_0000219";"cell-based format";"Homo sapiens";"None";"None";"HeLa";"None";"";"";"";"CHEMBL1947";"Thyroid hormone receptor beta-1";"Homo sapiens";"SINGLE PROTEIN";"CHEMBL1143954";"1";"Scientific Literature";"Bioorg. Med. Chem.";"2008";"CHEMBL3308376";""
"CHEMBL407819";"";"0";"550.09";"1";"3.14";"CO30";"O=C1NC(=O)C(Cc2cc(I)c(Oc3ccc(O)cc3)c(I)c2)N1";"EC50";"'>'";"10000.0";"nM";"";"";"";"UO_0000065";"";"";"";"";"0";"CHEMBL939184";"Effect on human TRbeta transactivation activity in HeLa cells by luciferase reporter assay";"B";"BAO_0000219";"cell-based format";"Homo sapiens";"None";"None";"HeLa";"None";"";"";"";"CHEMBL1947";"Thyroid hormone receptor beta-1";"Homo sapiens";"SINGLE PROTEIN";"CHEMBL1143954";"1";"Scientific Literature";"Bioorg. Med. Chem.";"2008";"CHEMBL3308376";""
"CHEMBL3261334";"";"0";"447.28";"0";"1.91";"56";"CC(C)c1cc(Cc2c(Cl)cc(-n3nc(C#N)c(=O)[nH]c3=O)cc2Cl)nn(C)c1=O";"EC50";"'='";"140.0";"nM";"6.85";"";"";"UO_0000065";"15.32";"0.31";"4.94";"5.42";"0";"CHEMBL3266217";"Agonist activity at recombinant His6-tagged THR-beta (unknown origin) expressed in Escherichia coli BL21(DE3) co-expressing RXR preincubated for 30 mins assessed as biotin-GRIP1 peptide recruitment by HTRF assay";"B";"BAO_0000019";"assay format";"Homo sapiens";"None";"None";"None";"None";"";"";"";"CHEMBL1947";"Thyroid hormone receptor beta-1";"Homo sapiens";"SINGLE PROTEIN";"CHEMBL3259553";"1";"Scientific Literature";"J. Med. Chem.";"2014";"None";""
"CHEMBL3261329";"";"0";"389.26";"0";"2.99";"43";"CC(C)c1cc([S+]([O-])c2c(Cl)cc(CC(=O)O)cc2Cl)n[nH]c1=O";"EC50";"'='";"9170.0";"nM";"5.04";"";"";"UO_0000065";"12.94";"0.29";"2.05";"5.03";"0";"CHEMBL3266217";"Agonist activity at recombinant His6-tagged THR-beta (unknown origin) expressed in Escherichia coli BL21(DE3) co-expressing RXR preincubated for 30 mins assessed as biotin-GRIP1 peptide recruitment by HTRF assay";"B";"BAO_0000019";"assay format";"Homo sapiens";"None";"None";"None";"None";"";"";"";"CHEMBL1947";"Thyroid hormone receptor beta-1";"Homo sapiens";"SINGLE PROTEIN";"CHEMBL3259553";"1";"Scientific Literature";"J. Med. Chem.";"2014";"None";""
"CHEMBL3126371";"";"0";"380.44";"0";"4.24";"11b";"Cc1cc2c(NC(=O)CC(=O)O)cccc2n1Cc1ccc(O)c(C(C)C)c1";"EC50";"'='";"220.0";"nM";"6.66";"";"";"UO_0000065";"17.50";"0.32";"2.42";"7.27";"0";"CHEMBL3131647";"Agonist activity at human recombinant TRbeta1 transfected in human HepG2 cells after 8 to 10 hrs by alkaline phosphatase reporter gene assay";"B";"BAO_0000219";"cell-based format";"Homo sapiens";"None";"None";"HepG2";"None";"";"";"";"CHEMBL1947";"Thyroid hormone receptor beta-1";"Homo sapiens";"SINGLE PROTEIN";"CHEMBL3124871";"1";"Scientific Literature";"Bioorg. Med. Chem.";"2014";"CHEMBL3307718";""
"CHEMBL480313";"";"0";"422.26";"0";"4.83";"22";"CC(C)(C)c1cc(Oc2c(Cl)cc(Nc3c(O)c(=O)c3=O)cc2Cl)ccc1O";"EC50";"'='";"317.0";"nM";"6.50";"";"";"UO_0000065";"";"";"";"";"0";"CHEMBL986574";"Agonist activity at human thyroid hormone receptor beta expressed in CV1 cells by TRE-luciferase assay";"F";"BAO_0000219";"cell-based format";"Homo sapiens";"None";"None";"CV-1";"None";"";"";"";"CHEMBL1947";"Thyroid hormone receptor beta-1";"Homo sapiens";"SINGLE PROTEIN";"CHEMBL1155100";"1";"Scientific Literature";"Bioorg. Med. Chem. Lett.";"2008";"CHEMBL3308033";""
"CHEMBL258886";"";"0";"628.99";"1";"3.91";"CO32";"O=C1NC(=O)C(Cc2cc(I)c(Oc3ccc(O)c(Br)c3)c(I)c2)N1";"EC50";"'='";"5200.0";"nM";"5.28";"";"";"UO_0000065";"8.40";"0.29";"1.37";"6.03";"0";"CHEMBL939182";"Effect on human TRbeta transactivation activity in U2OS cells by luciferase reporter assay";"B";"BAO_0000219";"cell-based format";"Homo sapiens";"None";"None";"U2OS";"None";"";"";"";"CHEMBL1947";"Thyroid hormone receptor beta-1";"Homo sapiens";"SINGLE PROTEIN";"CHEMBL1143954";"1";"Scientific Literature";"Bioorg. Med. Chem.";"2008";"CHEMBL3307757";""
"CHEMBL263631";"";"0";"498.17";"0";"4.58";"CO24";"CC(C)c1cc(Oc2c(Br)cc(CC3NC(=O)NC3=O)cc2Br)ccc1O";"EC50";"'='";"421.0";"nM";"6.38";"";"";"UO_0000065";"12.80";"0.32";"1.80";"7.27";"0";"CHEMBL939182";"Effect on human TRbeta transactivation activity in U2OS cells by luciferase reporter assay";"B";"BAO_0000219";"cell-based format";"Homo sapiens";"None";"None";"U2OS";"None";"";"";"";"CHEMBL1947";"Thyroid hormone receptor beta-1";"Homo sapiens";"SINGLE PROTEIN";"CHEMBL1143954";"1";"Scientific Literature";"Bioorg. Med. Chem.";"2008";"CHEMBL3307757";""
"CHEMBL260482";"";"0";"590.15";"1";"4.02";"CO29";"O=C1NC(=O)C(Cc2cc(I)c(Oc3ccc(O)c(C4CC4)c3)c(I)c2)N1";"EC50";"'='";"100.0";"nM";"7.00";"";"";"UO_0000065";"11.86";"0.35";"2.98";"7.99";"0";"CHEMBL939184";"Effect on human TRbeta transactivation activity in HeLa cells by luciferase reporter assay";"B";"BAO_0000219";"cell-based format";"Homo sapiens";"None";"None";"HeLa";"None";"";"";"";"CHEMBL1947";"Thyroid hormone receptor beta-1";"Homo sapiens";"SINGLE PROTEIN";"CHEMBL1143954";"1";"Scientific Literature";"Bioorg. Med. Chem.";"2008";"CHEMBL3308376";""
"CHEMBL3261320";"";"0";"357.19";"0";"3.62";"20";"CC(C)c1cc(Oc2c(Cl)cc(CC(=O)O)cc2Cl)n[nH]c1=O";"EC50";"'='";"2380.0";"nM";"5.62";"";"";"UO_0000065";"15.74";"0.33";"2.00";"6.09";"0";"CHEMBL3266217";"Agonist activity at recombinant His6-tagged THR-beta (unknown origin) expressed in Escherichia coli BL21(DE3) co-expressing RXR preincubated for 30 mins assessed as biotin-GRIP1 peptide recruitment by HTRF assay";"B";"BAO_0000019";"assay format";"Homo sapiens";"None";"None";"None";"None";"";"";"";"CHEMBL1947";"Thyroid hormone receptor beta-1";"Homo sapiens";"SINGLE PROTEIN";"CHEMBL3259553";"1";"Scientific Literature";"J. Med. Chem.";"2014";"None";""
"CHEMBL2203702";"";"0";"536.41";"2";"6.68";"33";"O=C(O)Cc1cc(Cl)c(Oc2ccc(O)c(C(=O)NCC(c3ccccc3)c3ccccc3)c2)c(Cl)c1";"EC50";"'='";"0.47";"nM";"9.33";"";"";"UO_0000065";"17.39";"0.34";"2.65";"9.73";"0";"CHEMBL2212125";"Binding affinity to TRbeta1";"B";"BAO_0000357";"single protein format";"None";"None";"None";"None";"None";"";"";"";"CHEMBL1947";"Thyroid hormone receptor beta-1";"Homo sapiens";"SINGLE PROTEIN";"CHEMBL2203261";"1";"Scientific Literature";"J. Med. Chem.";"2012";"None";""
"CHEMBL3261330";"";"0";"405.26";"0";"2.66";"44";"CC(C)c1cc(S(=O)(=O)c2c(Cl)cc(CC(=O)O)cc2Cl)n[nH]c1=O";"EC50";"'='";"6980.0";"nM";"5.16";"";"";"UO_0000065";"12.72";"0.28";"2.50";"4.40";"0";"CHEMBL3266217";"Agonist activity at recombinant His6-tagged THR-beta (unknown origin) expressed in Escherichia coli BL21(DE3) co-expressing RXR preincubated for 30 mins assessed as biotin-GRIP1 peptide recruitment by HTRF assay";"B";"BAO_0000019";"assay format";"Homo sapiens";"None";"None";"None";"None";"";"";"";"CHEMBL1947";"Thyroid hormone receptor beta-1";"Homo sapiens";"SINGLE PROTEIN";"CHEMBL3259553";"1";"Scientific Literature";"J. Med. Chem.";"2014";"None";""
"CHEMBL3261318";"";"0";"316.36";"0";"2.93";"13";"Cc1cc(CC(=O)O)cc(C)c1Oc1cc(C(C)C)c(=O)[nH]n1";"EC50";"'='";"7750.0";"nM";"5.11";"";"";"UO_0000065";"16.15";"0.30";"2.18";"5.54";"0";"CHEMBL3266217";"Agonist activity at recombinant His6-tagged THR-beta (unknown origin) expressed in Escherichia coli BL21(DE3) co-expressing RXR preincubated for 30 mins assessed as biotin-GRIP1 peptide recruitment by HTRF assay";"B";"BAO_0000019";"assay format";"Homo sapiens";"None";"None";"None";"None";"";"";"";"CHEMBL1947";"Thyroid hormone receptor beta-1";"Homo sapiens";"SINGLE PROTEIN";"CHEMBL3259553";"1";"Scientific Literature";"J. Med. Chem.";"2014";"None";""
"CHEMBL107400";"SOBETIROME";"1";"328.41";"0";"4.19";"2, GC-1";"Cc1cc(OCC(=O)O)cc(C)c1Cc1ccc(O)c(C(C)C)c1";"EC50";"'='";"18.0";"nM";"7.75";"";"";"UO_0000065";"23.58";"0.44";"3.55";"11.60";"0";"CHEMBL3266217";"Agonist activity at recombinant His6-tagged THR-beta (unknown origin) expressed in Escherichia coli BL21(DE3) co-expressing RXR preincubated for 30 mins assessed as biotin-GRIP1 peptide recruitment by HTRF assay";"B";"BAO_0000019";"assay format";"Homo sapiens";"None";"None";"None";"None";"";"";"";"CHEMBL1947";"Thyroid hormone receptor beta-1";"Homo sapiens";"SINGLE PROTEIN";"CHEMBL3259553";"1";"Scientific Literature";"J. Med. Chem.";"2014";"None";""
"CHEMBL3261325";"";"0";"386.19";"0";"3.02";"27";"CC(C)c1cc(Oc2c(Cl)cc(NC(=O)C(=O)O)cc2Cl)n[nH]c1=O";"EC50";"'='";"120.0";"nM";"6.92";"";"";"UO_0000065";"17.92";"0.38";"3.90";"5.70";"0";"CHEMBL3266217";"Agonist activity at recombinant His6-tagged THR-beta (unknown origin) expressed in Escherichia coli BL21(DE3) co-expressing RXR preincubated for 30 mins assessed as biotin-GRIP1 peptide recruitment by HTRF assay";"B";"BAO_0000019";"assay format";"Homo sapiens";"None";"None";"None";"None";"";"";"";"CHEMBL1947";"Thyroid hormone receptor beta-1";"Homo sapiens";"SINGLE PROTEIN";"CHEMBL3259553";"1";"Scientific Literature";"J. Med. Chem.";"2014";"None";""
"CHEMBL3261331";"RESMETIROM";"3";"435.23";"0";"2.10";"53, MGL-3196";"CC(C)c1cc(Oc2c(Cl)cc(-n3nc(C#N)c(=O)[nH]c3=O)cc2Cl)n[nH]c1=O";"EC50";"'='";"210.0";"nM";"6.68";"";"";"UO_0000065";"15.34";"0.31";"4.58";"4.56";"0";"CHEMBL3266217";"Agonist activity at recombinant His6-tagged THR-beta (unknown origin) expressed in Escherichia coli BL21(DE3) co-expressing RXR preincubated for 30 mins assessed as biotin-GRIP1 peptide recruitment by HTRF assay";"B";"BAO_0000019";"assay format";"Homo sapiens";"None";"None";"None";"None";"";"";"";"CHEMBL1947";"Thyroid hormone receptor beta-1";"Homo sapiens";"SINGLE PROTEIN";"CHEMBL3259553";"1";"Scientific Literature";"J. Med. Chem.";"2014";"None";""
"CHEMBL41036";"";"0";"355.22";"1";"5.24";"2, KB-141";"CC(C)c1cc(Oc2c(Cl)cc(CC(=O)O)cc2Cl)ccc1O";"EC50";"'='";"1.12";"nM";"8.95";"";"";"UO_0000065";"";"";"";"";"0";"CHEMBL986574";"Agonist activity at human thyroid hormone receptor beta expressed in CV1 cells by TRE-luciferase assay";"F";"BAO_0000219";"cell-based format";"Homo sapiens";"None";"None";"CV-1";"None";"";"";"";"CHEMBL1947";"Thyroid hormone receptor beta-1";"Homo sapiens";"SINGLE PROTEIN";"CHEMBL1155100";"1";"Scientific Literature";"Bioorg. Med. Chem. Lett.";"2008";"CHEMBL3308033";""
"CHEMBL3261322";"";"0";"460.12";"0";"4.23";"22";"CC(C)c1cc(Oc2c(Br)cc(CCC(=O)O)cc2Br)n[nH]c1=O";"EC50";"'='";"700.0";"nM";"6.16";"";"";"UO_0000065";"13.38";"0.35";"1.92";"6.67";"0";"CHEMBL3266217";"Agonist activity at recombinant His6-tagged THR-beta (unknown origin) expressed in Escherichia coli BL21(DE3) co-expressing RXR preincubated for 30 mins assessed as biotin-GRIP1 peptide recruitment by HTRF assay";"B";"BAO_0000019";"assay format";"Homo sapiens";"None";"None";"None";"None";"";"";"";"CHEMBL1947";"Thyroid hormone receptor beta-1";"Homo sapiens";"SINGLE PROTEIN";"CHEMBL3259553";"1";"Scientific Literature";"J. Med. Chem.";"2014";"None";""
"CHEMBL109430";"";"0";"498.66";"1";"7.32";"NH-2";"CCCCCc1ccc(C#Cc2cc(Cc3c(C)cc(OCC(=O)O)cc3C)cc(C(C)C)c2O)cc1";"EC50";"'='";"380.0";"nM";"6.42";"";"";"UO_0000065";"12.87";"0.24";"-0.90";"9.62";"0";"CHEMBL811714";"Half-maximum activation of human Thyroid hormone receptor beta 1 (hTRbeta1)";"B";"BAO_0000357";"single protein format";"Homo sapiens";"None";"None";"None";"None";"";"";"";"CHEMBL1947";"Thyroid hormone receptor beta-1";"Homo sapiens";"SINGLE PROTEIN";"CHEMBL1135520";"1";"Scientific Literature";"J. Med. Chem.";"2002";"None";""
"CHEMBL1544";"LIOTHYRONINE";"4";"650.98";"1";"3.95";"T3";"N[C@@H](Cc1cc(I)c(Oc2ccc(O)c(I)c2)c(I)c1)C(=O)O";"EC50";"'='";"2.0";"nM";"8.70";"";"";"UO_0000065";"13.36";"0.52";"4.75";"9.38";"1";"CHEMBL811714";"Half-maximum activation of human Thyroid hormone receptor beta 1 (hTRbeta1)";"B";"BAO_0000357";"single protein format";"Homo sapiens";"None";"None";"None";"None";"";"";"";"CHEMBL1947";"Thyroid hormone receptor beta-1";"Homo sapiens";"SINGLE PROTEIN";"CHEMBL1135520";"1";"Scientific Literature";"J. Med. Chem.";"2002";"None";""
"CHEMBL41036";"";"0";"355.22";"1";"5.24";"15";"CC(C)c1cc(Oc2c(Cl)cc(CC(=O)O)cc2Cl)ccc1O";"EC50";"'='";"3.5";"nM";"8.46";"";"";"UO_0000065";"23.80";"0.50";"3.22";"12.67";"0";"CHEMBL814600";"Effect on CHO-K1 cells stably transfected with Thyroid hormone receptor beta and an alkaline phosphate reporter gene downstream thyroid response element TRAF-beta1 was determined";"B";"BAO_0000219";"cell-based format";"Homo sapiens";"None";"None";"CHO-K1";"None";"";"";"";"CHEMBL1947";"Thyroid hormone receptor beta-1";"Homo sapiens";"SINGLE PROTEIN";"CHEMBL1136772";"1";"Scientific Literature";"J. Med. Chem.";"2003";"CHEMBL3307512";""
"CHEMBL3261333";"";"0";"449.25";"0";"2.11";"55";"CC(C)c1cc(Oc2c(Cl)cc(-n3nc(C#N)c(=O)[nH]c3=O)cc2Cl)nn(C)c1=O";"EC50";"'='";"40.0";"nM";"7.40";"";"";"UO_0000065";"16.47";"0.34";"5.29";"5.45";"0";"CHEMBL3266217";"Agonist activity at recombinant His6-tagged THR-beta (unknown origin) expressed in Escherichia coli BL21(DE3) co-expressing RXR preincubated for 30 mins assessed as biotin-GRIP1 peptide recruitment by HTRF assay";"B";"BAO_0000019";"assay format";"Homo sapiens";"None";"None";"None";"None";"";"";"";"CHEMBL1947";"Thyroid hormone receptor beta-1";"Homo sapiens";"SINGLE PROTEIN";"CHEMBL3259553";"1";"Scientific Literature";"J. Med. Chem.";"2014";"None";""
"CHEMBL40738";"";"0";"341.19";"1";"5.31";"11b";"CC(C)c1cc(Oc2c(Cl)cc(C(=O)O)cc2Cl)ccc1O";"EC50";"'='";"150.0";"nM";"6.82";"";"";"UO_0000065";"20.00";"0.42";"1.51";"10.22";"0";"CHEMBL814600";"Effect on CHO-K1 cells stably transfected with Thyroid hormone receptor beta and an alkaline phosphate reporter gene downstream thyroid response element TRAF-beta1 was determined";"B";"BAO_0000219";"cell-based format";"Homo sapiens";"None";"None";"CHO-K1";"None";"";"";"";"CHEMBL1947";"Thyroid hormone receptor beta-1";"Homo sapiens";"SINGLE PROTEIN";"CHEMBL1136772";"1";"Scientific Literature";"J. Med. Chem.";"2003";"CHEMBL3307512";""
"CHEMBL3126372";"";"0";"380.44";"0";"4.24";"11c";"Cc1ccc(NC(=O)CC(=O)O)c2ccn(Cc3ccc(O)c(C(C)C)c3)c12";"EC50";"'='";"3100.0";"nM";"5.51";"";"";"UO_0000065";"14.48";"0.27";"1.27";"6.02";"0";"CHEMBL3131648";"Agonist activity at human recombinant TRbeta1 transfected in CV-1 cells after 8 to 10 hrs by alkaline phosphatase reporter gene assay";"B";"BAO_0000219";"cell-based format";"Homo sapiens";"None";"None";"CV-1";"None";"";"";"";"CHEMBL1947";"Thyroid hormone receptor beta-1";"Homo sapiens";"SINGLE PROTEIN";"CHEMBL3124871";"1";"Scientific Literature";"Bioorg. Med. Chem.";"2014";"CHEMBL3308033";""
"CHEMBL3126371";"";"0";"380.44";"0";"4.24";"11b";"Cc1cc2c(NC(=O)CC(=O)O)cccc2n1Cc1ccc(O)c(C(C)C)c1";"EC50";"'='";"1700.0";"nM";"5.77";"";"";"UO_0000065";"15.17";"0.28";"1.53";"6.30";"0";"CHEMBL3131648";"Agonist activity at human recombinant TRbeta1 transfected in CV-1 cells after 8 to 10 hrs by alkaline phosphatase reporter gene assay";"B";"BAO_0000219";"cell-based format";"Homo sapiens";"None";"None";"CV-1";"None";"";"";"";"CHEMBL1947";"Thyroid hormone receptor beta-1";"Homo sapiens";"SINGLE PROTEIN";"CHEMBL3124871";"1";"Scientific Literature";"Bioorg. Med. Chem.";"2014";"CHEMBL3308033";""
"CHEMBL3126367";"";"0";"366.42";"0";"3.85";"11b";"Cc1cc2c(NC(=O)C(=O)O)cccc2n1Cc1ccc(O)c(C(C)C)c1";"EC50";"'='";"590.0";"nM";"6.23";"";"";"UO_0000065";"17.00";"0.32";"2.38";"6.80";"0";"CHEMBL3131648";"Agonist activity at human recombinant TRbeta1 transfected in CV-1 cells after 8 to 10 hrs by alkaline phosphatase reporter gene assay";"B";"BAO_0000219";"cell-based format";"Homo sapiens";"None";"None";"CV-1";"None";"";"";"";"CHEMBL1947";"Thyroid hormone receptor beta-1";"Homo sapiens";"SINGLE PROTEIN";"CHEMBL3124871";"1";"Scientific Literature";"Bioorg. Med. Chem.";"2014";"CHEMBL3308033";""
"CHEMBL111953";"";"0";"428.53";"1";"5.59";"NH-1";"Cc1cc(OCC(=O)O)cc(C)c1Cc1cc(C#Cc2ccccc2)c(O)c(C(C)C)c1";"EC50";"'='";"500.0";"nM";"6.30";"";"";"UO_0000065";"14.70";"0.27";"0.71";"9.44";"0";"CHEMBL811714";"Half-maximum activation of human Thyroid hormone receptor beta 1 (hTRbeta1)";"B";"BAO_0000357";"single protein format";"Homo sapiens";"None";"None";"None";"None";"";"";"";"CHEMBL1947";"Thyroid hormone receptor beta-1";"Homo sapiens";"SINGLE PROTEIN";"CHEMBL1135520";"1";"Scientific Literature";"J. Med. Chem.";"2002";"None";""
"CHEMBL3126370";"";"0";"352.39";"0";"3.54";"11a";"CC(C)c1cc(Cn2ccc3c(NC(=O)C(=O)O)cccc32)ccc1O";"EC50";"'='";"1900.0";"nM";"5.72";"";"";"UO_0000065";"16.24";"0.30";"2.18";"6.25";"0";"CHEMBL3131648";"Agonist activity at human recombinant TRbeta1 transfected in CV-1 cells after 8 to 10 hrs by alkaline phosphatase reporter gene assay";"B";"BAO_0000219";"cell-based format";"Homo sapiens";"None";"None";"CV-1";"None";"";"";"";"CHEMBL1947";"Thyroid hormone receptor beta-1";"Homo sapiens";"SINGLE PROTEIN";"CHEMBL3124871";"1";"Scientific Literature";"Bioorg. Med. Chem.";"2014";"CHEMBL3308033";""
"CHEMBL3126369";"";"0";"366.42";"0";"3.85";"11c";"Cc1ccc(NC(=O)C(=O)O)c2ccn(Cc3ccc(O)c(C(C)C)c3)c12";"EC50";"'='";"500.0";"nM";"6.30";"";"";"UO_0000065";"17.20";"0.32";"2.45";"6.88";"0";"CHEMBL3131648";"Agonist activity at human recombinant TRbeta1 transfected in CV-1 cells after 8 to 10 hrs by alkaline phosphatase reporter gene assay";"B";"BAO_0000219";"cell-based format";"Homo sapiens";"None";"None";"CV-1";"None";"";"";"";"CHEMBL1947";"Thyroid hormone receptor beta-1";"Homo sapiens";"SINGLE PROTEIN";"CHEMBL3124871";"1";"Scientific Literature";"Bioorg. Med. Chem.";"2014";"CHEMBL3308033";""
"CHEMBL107400";"SOBETIROME";"1";"328.41";"0";"4.19";"GC-1";"Cc1cc(OCC(=O)O)cc(C)c1Cc1ccc(O)c(C(C)C)c1";"EC50";"'='";"7.0";"nM";"8.15";"";"";"UO_0000065";"24.83";"0.46";"3.96";"12.22";"0";"CHEMBL811714";"Half-maximum activation of human Thyroid hormone receptor beta 1 (hTRbeta1)";"B";"BAO_0000357";"single protein format";"Homo sapiens";"None";"None";"None";"None";"";"";"";"CHEMBL1947";"Thyroid hormone receptor beta-1";"Homo sapiens";"SINGLE PROTEIN";"CHEMBL1135520";"1";"Scientific Literature";"J. Med. Chem.";"2002";"None";""
"CHEMBL557";"DETROTHYRONINE";"1";"650.98";"1";"3.95";"2";"N[C@H](Cc1cc(I)c(Oc2ccc(O)c(I)c2)c(I)c1)C(=O)O";"EC50";"'='";"3.5";"nM";"8.46";"";"";"UO_0000065";"";"";"";"";"0";"CHEMBL865335";"Efficacy against TRAF-beta-1 reporter cells";"F";"BAO_0000219";"cell-based format";"Homo sapiens";"None";"None";"None";"None";"";"";"";"CHEMBL1947";"Thyroid hormone receptor beta-1";"Homo sapiens";"SINGLE PROTEIN";"CHEMBL1138993";"1";"Scientific Literature";"Bioorg. Med. Chem. Lett.";"2006";"None";""
"CHEMBL1544";"LIOTHYRONINE";"4";"650.98";"1";"3.95";"T3";"N[C@@H](Cc1cc(I)c(Oc2ccc(O)c(I)c2)c(I)c1)C(=O)O";"EC50";"'='";"2.0";"nM";"8.70";"";"";"UO_0000065";"13.36";"0.52";"4.75";"9.38";"1";"CHEMBL879200";"Effective concentration binding towards TR-beta-1 in E25B2 cells (agonistic activity)";"B";"BAO_0000219";"cell-based format";"None";"None";"None";"E25B2";"None";"";"";"";"CHEMBL1947";"Thyroid hormone receptor beta-1";"Homo sapiens";"SINGLE PROTEIN";"CHEMBL1136512";"1";"Scientific Literature";"Bioorg. Med. Chem. Lett.";"2003";"None";""
"CHEMBL3126376";"";"0";"379.50";"1";"5.62";"4e";"Cc1c(CCCCC(=O)O)c2ccccc2n1Cc1ccc(O)c(C(C)C)c1";"EC50";"'='";"62.0";"nM";"7.21";"";"";"UO_0000065";"18.99";"0.35";"1.59";"11.54";"0";"CHEMBL3131648";"Agonist activity at human recombinant TRbeta1 transfected in CV-1 cells after 8 to 10 hrs by alkaline phosphatase reporter gene assay";"B";"BAO_0000219";"cell-based format";"Homo sapiens";"None";"None";"CV-1";"None";"";"";"";"CHEMBL1947";"Thyroid hormone receptor beta-1";"Homo sapiens";"SINGLE PROTEIN";"CHEMBL3124871";"1";"Scientific Literature";"Bioorg. Med. Chem.";"2014";"CHEMBL3308033";""
"CHEMBL3126369";"";"0";"366.42";"0";"3.85";"11c";"Cc1ccc(NC(=O)C(=O)O)c2ccn(Cc3ccc(O)c(C(C)C)c3)c12";"EC50";"'='";"190.0";"nM";"6.72";"";"";"UO_0000065";"18.34";"0.34";"2.87";"7.34";"0";"CHEMBL3131647";"Agonist activity at human recombinant TRbeta1 transfected in human HepG2 cells after 8 to 10 hrs by alkaline phosphatase reporter gene assay";"B";"BAO_0000219";"cell-based format";"Homo sapiens";"None";"None";"HepG2";"None";"";"";"";"CHEMBL1947";"Thyroid hormone receptor beta-1";"Homo sapiens";"SINGLE PROTEIN";"CHEMBL3124871";"1";"Scientific Literature";"Bioorg. Med. Chem.";"2014";"CHEMBL3307718";""
"CHEMBL3126370";"";"0";"352.39";"0";"3.54";"11a";"CC(C)c1cc(Cn2ccc3c(NC(=O)C(=O)O)cccc32)ccc1O";"EC50";"'='";"550.0";"nM";"6.26";"";"";"UO_0000065";"17.76";"0.33";"2.72";"6.84";"0";"CHEMBL3131647";"Agonist activity at human recombinant TRbeta1 transfected in human HepG2 cells after 8 to 10 hrs by alkaline phosphatase reporter gene assay";"B";"BAO_0000219";"cell-based format";"Homo sapiens";"None";"None";"HepG2";"None";"";"";"";"CHEMBL1947";"Thyroid hormone receptor beta-1";"Homo sapiens";"SINGLE PROTEIN";"CHEMBL3124871";"1";"Scientific Literature";"Bioorg. Med. Chem.";"2014";"CHEMBL3307718";""
"CHEMBL1544";"LIOTHYRONINE";"4";"650.98";"1";"3.95";"1, T3";"N[C@@H](Cc1cc(I)c(Oc2ccc(O)c(I)c2)c(I)c1)C(=O)O";"EC50";"'='";"2.0";"nM";"8.70";"";"";"UO_0000065";"13.36";"0.52";"4.75";"9.38";"0";"CHEMBL3131648";"Agonist activity at human recombinant TRbeta1 transfected in CV-1 cells after 8 to 10 hrs by alkaline phosphatase reporter gene assay";"B";"BAO_0000219";"cell-based format";"Homo sapiens";"None";"None";"CV-1";"None";"";"";"";"CHEMBL1947";"Thyroid hormone receptor beta-1";"Homo sapiens";"SINGLE PROTEIN";"CHEMBL3124871";"1";"Scientific Literature";"Bioorg. Med. Chem.";"2014";"CHEMBL3308033";""
"CHEMBL3397343";"";"0";"401.46";"0";"4.76";"1k";"Cc1cn(Cc2ccc(O)c(Cc3ccccc3)c2)c2ccc(OCC(=O)O)cc12";"EC50";"'='";"406.0";"nM";"6.39";"";"";"UO_0000065";"15.92";"0.29";"1.63";"8.92";"0";"CHEMBL3399154";"Agonist activity at TRbeta (unknown origin) expressed in human HuH7 cells after 24 hrs by Gal4 CTF cell-based assay";"B";"BAO_0000219";"cell-based format";"Homo sapiens";"None";"None";"Huh-7 ";"None";"";"";"";"CHEMBL1947";"Thyroid hormone receptor beta-1";"Homo sapiens";"SINGLE PROTEIN";"CHEMBL3396982";"1";"Scientific Literature";"Bioorg. Med. Chem. Lett.";"2015";"CHEMBL3307515";""
"CHEMBL251439";"";"0";"367.40";"0";"4.46";"12c";"Cc1cc2[nH]c(C(=O)O)cc(=O)c2c(C)c1Oc1ccc(O)c(C(C)C)c1";"EC50";"";"";"";"";"";"Not Determined";"";"";"";"";"";"0";"CHEMBL865335";"Efficacy against TRAF-beta-1 reporter cells";"F";"BAO_0000219";"cell-based format";"Homo sapiens";"None";"None";"None";"None";"";"";"";"CHEMBL1947";"Thyroid hormone receptor beta-1";"Homo sapiens";"SINGLE PROTEIN";"CHEMBL1138993";"1";"Scientific Literature";"Bioorg. Med. Chem. Lett.";"2006";"None";""
"CHEMBL203555";"";"0";"351.40";"1";"5.17";"14";"Cc1cc2nc(C(=O)O)ccc2c(C)c1Oc1ccc(O)c(C(C)C)c1";"EC50";"'='";"49.0";"nM";"7.31";"";"";"UO_0000065";"";"";"";"";"0";"CHEMBL865335";"Efficacy against TRAF-beta-1 reporter cells";"F";"BAO_0000219";"cell-based format";"Homo sapiens";"None";"None";"None";"None";"";"";"";"CHEMBL1947";"Thyroid hormone receptor beta-1";"Homo sapiens";"SINGLE PROTEIN";"CHEMBL1138993";"1";"Scientific Literature";"Bioorg. Med. Chem. Lett.";"2006";"None";""
"CHEMBL203828";"";"0";"470.16";"1";"5.63";"10";"CC(C)c1cc(Oc2c(Br)cc3c(c2Br)CC(C(=O)O)C3)ccc1O";"EC50";"'='";"4.3";"nM";"8.37";"";"";"UO_0000065";"";"";"";"";"0";"CHEMBL865335";"Efficacy against TRAF-beta-1 reporter cells";"F";"BAO_0000219";"cell-based format";"Homo sapiens";"None";"None";"None";"None";"";"";"";"CHEMBL1947";"Thyroid hormone receptor beta-1";"Homo sapiens";"SINGLE PROTEIN";"CHEMBL1138993";"1";"Scientific Literature";"Bioorg. Med. Chem. Lett.";"2006";"None";""
"CHEMBL3261326";"";"0";"355.22";"0";"3.42";"32";"CC(C)c1cc(Cc2c(Cl)cc(CC(=O)O)cc2Cl)n[nH]c1=O";"EC50";"'='";"2990.0";"nM";"5.52";"";"";"UO_0000065";"15.55";"0.33";"2.10";"6.65";"0";"CHEMBL3266217";"Agonist activity at recombinant His6-tagged THR-beta (unknown origin) expressed in Escherichia coli BL21(DE3) co-expressing RXR preincubated for 30 mins assessed as biotin-GRIP1 peptide recruitment by HTRF assay";"B";"BAO_0000019";"assay format";"Homo sapiens";"None";"None";"None";"None";"";"";"";"CHEMBL1947";"Thyroid hormone receptor beta-1";"Homo sapiens";"SINGLE PROTEIN";"CHEMBL3259553";"1";"Scientific Literature";"J. Med. Chem.";"2014";"None";""
"CHEMBL407819";"";"0";"550.09";"1";"3.14";"CO30";"O=C1NC(=O)C(Cc2cc(I)c(Oc3ccc(O)cc3)c(I)c2)N1";"EC50";"'>'";"20000.0";"nM";"";"";"";"UO_0000065";"";"";"";"";"0";"CHEMBL939182";"Effect on human TRbeta transactivation activity in U2OS cells by luciferase reporter assay";"B";"BAO_0000219";"cell-based format";"Homo sapiens";"None";"None";"U2OS";"None";"";"";"";"CHEMBL1947";"Thyroid hormone receptor beta-1";"Homo sapiens";"SINGLE PROTEIN";"CHEMBL1143954";"1";"Scientific Literature";"Bioorg. Med. Chem.";"2008";"CHEMBL3307757";""
"CHEMBL264410";"";"0";"580.12";"1";"3.15";"CO26";"COc1cc(Oc2c(I)cc(CC3NC(=O)NC3=O)cc2I)ccc1O";"EC50";"'='";"265.0";"nM";"6.58";"";"";"UO_0000065";"11.34";"0.35";"3.43";"6.79";"0";"CHEMBL939184";"Effect on human TRbeta transactivation activity in HeLa cells by luciferase reporter assay";"B";"BAO_0000219";"cell-based format";"Homo sapiens";"None";"None";"HeLa";"None";"";"";"";"CHEMBL1947";"Thyroid hormone receptor beta-1";"Homo sapiens";"SINGLE PROTEIN";"CHEMBL1143954";"1";"Scientific Literature";"Bioorg. Med. Chem.";"2008";"CHEMBL3308376";""
"CHEMBL3261335";"";"0";"410.22";"0";"2.23";"57";"CC(C)c1cc(Oc2c(Cl)cc(-n3ncc(=O)[nH]c3=O)cc2Cl)n[nH]c1=O";"EC50";"'='";"120.0";"nM";"6.92";"";"";"UO_0000065";"16.87";"0.35";"4.69";"5.64";"0";"CHEMBL3266217";"Agonist activity at recombinant His6-tagged THR-beta (unknown origin) expressed in Escherichia coli BL21(DE3) co-expressing RXR preincubated for 30 mins assessed as biotin-GRIP1 peptide recruitment by HTRF assay";"B";"BAO_0000019";"assay format";"Homo sapiens";"None";"None";"None";"None";"";"";"";"CHEMBL1947";"Thyroid hormone receptor beta-1";"Homo sapiens";"SINGLE PROTEIN";"CHEMBL3259553";"1";"Scientific Literature";"J. Med. Chem.";"2014";"None";""
"CHEMBL3126373";"";"0";"337.42";"0";"4.45";"4b";"Cc1c(CC(=O)O)c2ccccc2n1Cc1ccc(O)c(C(C)C)c1";"EC50";"'='";"150.0";"nM";"6.82";"";"";"UO_0000065";"20.22";"0.37";"2.37";"10.93";"0";"CHEMBL3131648";"Agonist activity at human recombinant TRbeta1 transfected in CV-1 cells after 8 to 10 hrs by alkaline phosphatase reporter gene assay";"B";"BAO_0000219";"cell-based format";"Homo sapiens";"None";"None";"CV-1";"None";"";"";"";"CHEMBL1947";"Thyroid hormone receptor beta-1";"Homo sapiens";"SINGLE PROTEIN";"CHEMBL3124871";"1";"Scientific Literature";"Bioorg. Med. Chem.";"2014";"CHEMBL3308033";""
"CHEMBL425939";"";"0";"469.13";"1";"6.01";"6a";"CC(C)c1cc(Oc2c(Br)cc3[nH]c(C(=O)O)cc3c2Br)ccc1O";"EC50";"'='";"4.2";"nM";"8.38";"";"";"UO_0000065";"";"";"";"";"0";"CHEMBL865335";"Efficacy against TRAF-beta-1 reporter cells";"F";"BAO_0000219";"cell-based format";"Homo sapiens";"None";"None";"None";"None";"";"";"";"CHEMBL1947";"Thyroid hormone receptor beta-1";"Homo sapiens";"SINGLE PROTEIN";"CHEMBL1138993";"1";"Scientific Literature";"Bioorg. Med. Chem. Lett.";"2006";"None";""
"CHEMBL3261324";"";"0";"372.21";"0";"3.49";"26";"CC(C)c1cc(Oc2c(Cl)cc(NCC(=O)O)cc2Cl)n[nH]c1=O";"EC50";"'='";"670.0";"nM";"6.17";"";"";"UO_0000065";"16.59";"0.35";"2.68";"5.92";"0";"CHEMBL3266217";"Agonist activity at recombinant His6-tagged THR-beta (unknown origin) expressed in Escherichia coli BL21(DE3) co-expressing RXR preincubated for 30 mins assessed as biotin-GRIP1 peptide recruitment by HTRF assay";"B";"BAO_0000019";"assay format";"Homo sapiens";"None";"None";"None";"None";"";"";"";"CHEMBL1947";"Thyroid hormone receptor beta-1";"Homo sapiens";"SINGLE PROTEIN";"CHEMBL3259553";"1";"Scientific Literature";"J. Med. Chem.";"2014";"None";""
"CHEMBL378593";"";"0";"497.14";"1";"5.78";"12a";"CC(C)c1cc(Oc2c(Br)cc3nc(C(=O)O)cc(O)c3c2Br)ccc1O";"EC50";"";"";"";"";"";"Not Determined";"";"";"";"";"";"0";"CHEMBL865335";"Efficacy against TRAF-beta-1 reporter cells";"F";"BAO_0000219";"cell-based format";"Homo sapiens";"None";"None";"None";"None";"";"";"";"CHEMBL1947";"Thyroid hormone receptor beta-1";"Homo sapiens";"SINGLE PROTEIN";"CHEMBL1138993";"1";"Scientific Literature";"Bioorg. Med. Chem. Lett.";"2006";"None";""
"CHEMBL480312";"";"0";"408.24";"0";"4.66";"21";"CC(C)c1cc(Oc2c(Cl)cc(Nc3c(O)c(=O)c3=O)cc2Cl)ccc1O";"EC50";"'='";"70.0";"nM";"7.16";"";"";"UO_0000065";"";"";"";"";"0";"CHEMBL986574";"Agonist activity at human thyroid hormone receptor beta expressed in CV1 cells by TRE-luciferase assay";"F";"BAO_0000219";"cell-based format";"Homo sapiens";"None";"None";"CV-1";"None";"";"";"";"CHEMBL1947";"Thyroid hormone receptor beta-1";"Homo sapiens";"SINGLE PROTEIN";"CHEMBL1155100";"1";"Scientific Literature";"Bioorg. Med. Chem. Lett.";"2008";"CHEMBL3308033";""
"CHEMBL203777";"";"0";"380.23";"1";"5.79";"6b";"CC(C)c1cc(Oc2c(Cl)cc3[nH]c(C(=O)O)cc3c2Cl)ccc1O";"EC50";"'='";"4.7";"nM";"8.33";"";"";"UO_0000065";"";"";"";"";"0";"CHEMBL865335";"Efficacy against TRAF-beta-1 reporter cells";"F";"BAO_0000219";"cell-based format";"Homo sapiens";"None";"None";"None";"None";"";"";"";"CHEMBL1947";"Thyroid hormone receptor beta-1";"Homo sapiens";"SINGLE PROTEIN";"CHEMBL1138993";"1";"Scientific Literature";"Bioorg. Med. Chem. Lett.";"2006";"None";""
"CHEMBL3261332";"";"0";"433.26";"0";"1.90";"54";"CC(C)c1cc(Cc2c(Cl)cc(-n3nc(C#N)c(=O)[nH]c3=O)cc2Cl)n[nH]c1=O";"EC50";"'='";"220.0";"nM";"6.66";"";"";"UO_0000065";"15.37";"0.31";"4.76";"4.85";"0";"CHEMBL3266217";"Agonist activity at recombinant His6-tagged THR-beta (unknown origin) expressed in Escherichia coli BL21(DE3) co-expressing RXR preincubated for 30 mins assessed as biotin-GRIP1 peptide recruitment by HTRF assay";"B";"BAO_0000019";"assay format";"Homo sapiens";"None";"None";"None";"None";"";"";"";"CHEMBL1947";"Thyroid hormone receptor beta-1";"Homo sapiens";"SINGLE PROTEIN";"CHEMBL3259553";"1";"Scientific Literature";"J. Med. Chem.";"2014";"None";""
"CHEMBL235788";"";"0";"389.23";"1";"5.79";"29";"O=C(O)Cc1cc(Cl)c(Oc2ccc(O)c(-c3ccccc3)c2)c(Cl)c1";"EC50";"'='";"2.9";"nM";"8.54";"";"";"UO_0000065";"21.93";"0.45";"2.75";"12.79";"0";"CHEMBL2212125";"Binding affinity to TRbeta1";"B";"BAO_0000357";"single protein format";"None";"None";"None";"None";"None";"";"";"";"CHEMBL1947";"Thyroid hormone receptor beta-1";"Homo sapiens";"SINGLE PROTEIN";"CHEMBL2203261";"1";"Scientific Literature";"J. Med. Chem.";"2012";"None";""
"CHEMBL4754713";"";"0";"512.42";"2";"5.10";"7";"COc1ccc(Oc2c(Cl)cc(NC(=O)Cc3cnn(S(C)(=O)=O)c3)cc2Cl)cc1C(C)C";"EC50";"'='";"1793.0";"nM";"5.75";"";"";"UO_0000065";"11.21";"0.24";"0.65";"5.77";"0";"CHEMBL4689174";"Agonist activity at human TRbeta1 CHO-K1 cells by reporter assay";"B";"BAO_0000219";"cell-based format";"Homo sapiens";"None";"None";"CHO-K1";"None";"";"";"";"CHEMBL1947";"Thyroid hormone receptor beta-1";"Homo sapiens";"SINGLE PROTEIN";"CHEMBL4680341";"1";"Scientific Literature";"Bioorg Med Chem Lett";"2021";"None";""
"CHEMBL4638870";"";"0";"729.87";"1";"4.72";"Br-T4";"N[C@@H](Cc1cc(Br)c(Oc2cc(I)c(O)c(I)c2)c(I)c1)C(=O)O";"EC50";"'='";"380.0";"nM";"6.42";"";"";"UO_0000065";"8.80";"0.37";"1.70";"6.92";"0";"CHEMBL4629622";"Agonist activity at THRbeta (unknown origin) incubated for 14 to 16 hrs by dual glo luciferase reporter gene assay";"B";"BAO_0000357";"single protein format";"Homo sapiens";"None";"None";"None";"None";"";"";"";"CHEMBL1947";"Thyroid hormone receptor beta-1";"Homo sapiens";"SINGLE PROTEIN";"CHEMBL4627384";"1";"Scientific Literature";"J Med Chem";"2020";"None";""
"CHEMBL263631";"";"0";"498.17";"0";"4.58";"CO24";"CC(C)c1cc(Oc2c(Br)cc(CC3NC(=O)NC3=O)cc2Br)ccc1O";"EC50";"'='";"32.0";"nM";"7.50";"";"";"UO_0000065";"15.04";"0.38";"2.91";"8.55";"0";"CHEMBL939184";"Effect on human TRbeta transactivation activity in HeLa cells by luciferase reporter assay";"B";"BAO_0000219";"cell-based format";"Homo sapiens";"None";"None";"HeLa";"None";"";"";"";"CHEMBL1947";"Thyroid hormone receptor beta-1";"Homo sapiens";"SINGLE PROTEIN";"CHEMBL1143954";"1";"Scientific Literature";"Bioorg. Med. Chem.";"2008";"CHEMBL3308376";""
"CHEMBL125946";"";"0";"595.46";"1";"3.59";"7k";"O=c1cnn(-c2cc(Cl)c(Oc3ccc(O)c(S(=O)(=O)N4C5CCC4CC4(CCCO4)C5)c3)c(Cl)c2)c(=O)[nH]1";"EC50";"'='";"62.0";"nM";"7.21";"";"";"UO_0000065";"12.10";"0.25";"3.62";"5.01";"0";"CHEMBL811713";"Effective concentration binding towards TR-beta-1 in E25B2 cells (agonistic activity)";"B";"BAO_0000219";"cell-based format";"None";"None";"None";"E25B2";"None";"";"";"";"CHEMBL1947";"Thyroid hormone receptor beta-1";"Homo sapiens";"SINGLE PROTEIN";"CHEMBL1136512";"1";"Scientific Literature";"Bioorg. Med. Chem. Lett.";"2003";"None";""
"CHEMBL4637025";"";"0";"700.83";"2";"5.39";"Br-TETRAC";"O=C(O)Cc1cc(Br)c(Oc2cc(I)c(O)c(I)c2)c(I)c1";"EC50";"'='";"19.0";"nM";"7.72";"";"";"UO_0000065";"11.02";"0.48";"2.33";"11.57";"0";"CHEMBL4629622";"Agonist activity at THRbeta (unknown origin) incubated for 14 to 16 hrs by dual glo luciferase reporter gene assay";"B";"BAO_0000357";"single protein format";"Homo sapiens";"None";"None";"None";"None";"";"";"";"CHEMBL1947";"Thyroid hormone receptor beta-1";"Homo sapiens";"SINGLE PROTEIN";"CHEMBL4627384";"1";"Scientific Literature";"J Med Chem";"2020";"None";""
"CHEMBL3126367";"";"0";"366.42";"0";"3.85";"11b";"Cc1cc2c(NC(=O)C(=O)O)cccc2n1Cc1ccc(O)c(C(C)C)c1";"EC50";"'='";"110.0";"nM";"6.96";"";"";"UO_0000065";"18.99";"0.35";"3.11";"7.60";"0";"CHEMBL3131647";"Agonist activity at human recombinant TRbeta1 transfected in human HepG2 cells after 8 to 10 hrs by alkaline phosphatase reporter gene assay";"B";"BAO_0000219";"cell-based format";"Homo sapiens";"None";"None";"HepG2";"None";"";"";"";"CHEMBL1947";"Thyroid hormone receptor beta-1";"Homo sapiens";"SINGLE PROTEIN";"CHEMBL3124871";"1";"Scientific Literature";"Bioorg. Med. Chem.";"2014";"CHEMBL3307718";""
"CHEMBL250308";"";"0";"457.16";"1";"5.24";"14";"CCNc1cccc(COc2c(Br)cc(CCC(=O)O)cc2Br)c1";"EC50";"'='";"49.0";"nM";"7.31";"";"";"UO_0000065";"";"";"";"";"0";"CHEMBL903386";"Agonist activity at human TR-beta-1 expressed in CHO cells assessed as TRAF-beta-1-driven gene transactivation by alkaline phosphatase reporter gene assay";"F";"BAO_0000219";"cell-based format";"Homo sapiens";"None";"None";"CHO";"None";"";"";"";"CHEMBL1947";"Thyroid hormone receptor beta-1";"Homo sapiens";"SINGLE PROTEIN";"CHEMBL1139115";"1";"Scientific Literature";"Bioorg. Med. Chem. Lett.";"2007";"CHEMBL3308072";""
"CHEMBL260482";"";"0";"590.15";"1";"4.02";"CO29";"O=C1NC(=O)C(Cc2cc(I)c(Oc3ccc(O)c(C4CC4)c3)c(I)c2)N1";"EC50";"'='";"2000.0";"nM";"5.70";"";"";"UO_0000065";"9.66";"0.29";"1.68";"6.50";"0";"CHEMBL939182";"Effect on human TRbeta transactivation activity in U2OS cells by luciferase reporter assay";"B";"BAO_0000219";"cell-based format";"Homo sapiens";"None";"None";"U2OS";"None";"";"";"";"CHEMBL1947";"Thyroid hormone receptor beta-1";"Homo sapiens";"SINGLE PROTEIN";"CHEMBL1143954";"1";"Scientific Literature";"Bioorg. Med. Chem.";"2008";"CHEMBL3307757";""
"CHEMBL3261319";"";"0";"336.78";"0";"3.27";"14";"Cc1cc(CC(=O)O)cc(Cl)c1Oc1cc(C(C)C)c(=O)[nH]n1";"EC50";"'='";"7010.0";"nM";"5.15";"";"";"UO_0000065";"15.30";"0.31";"1.88";"5.59";"0";"CHEMBL3266217";"Agonist activity at recombinant His6-tagged THR-beta (unknown origin) expressed in Escherichia coli BL21(DE3) co-expressing RXR preincubated for 30 mins assessed as biotin-GRIP1 peptide recruitment by HTRF assay";"B";"BAO_0000019";"assay format";"Homo sapiens";"None";"None";"None";"None";"";"";"";"CHEMBL1947";"Thyroid hormone receptor beta-1";"Homo sapiens";"SINGLE PROTEIN";"CHEMBL3259553";"1";"Scientific Literature";"J. Med. Chem.";"2014";"None";""
"CHEMBL259096";"";"0";"675.99";"1";"3.75";"CO31";"O=C1NC(=O)C(Cc2cc(I)c(Oc3ccc(O)c(I)c3)c(I)c2)N1";"EC50";"'='";"2000.0";"nM";"5.70";"";"";"UO_0000065";"8.43";"0.31";"1.95";"6.50";"0";"CHEMBL939182";"Effect on human TRbeta transactivation activity in U2OS cells by luciferase reporter assay";"B";"BAO_0000219";"cell-based format";"Homo sapiens";"None";"None";"U2OS";"None";"";"";"";"CHEMBL1947";"Thyroid hormone receptor beta-1";"Homo sapiens";"SINGLE PROTEIN";"CHEMBL1143954";"1";"Scientific Literature";"Bioorg. Med. Chem.";"2008";"CHEMBL3307757";""
"CHEMBL263630";"";"0";"592.17";"1";"4.27";"CO23";"CC(C)c1cc(Oc2c(I)cc(CC3NC(=O)NC3=O)cc2I)ccc1O";"EC50";"'='";"390.0";"nM";"6.41";"";"";"UO_0000065";"10.82";"0.32";"2.14";"7.31";"0";"CHEMBL939182";"Effect on human TRbeta transactivation activity in U2OS cells by luciferase reporter assay";"B";"BAO_0000219";"cell-based format";"Homo sapiens";"None";"None";"U2OS";"None";"";"";"";"CHEMBL1947";"Thyroid hormone receptor beta-1";"Homo sapiens";"SINGLE PROTEIN";"CHEMBL1143954";"1";"Scientific Literature";"Bioorg. Med. Chem.";"2008";"CHEMBL3307757";""
"CHEMBL3126375";"";"0";"365.47";"1";"5.23";"4d";"Cc1c(CCCC(=O)O)c2ccccc2n1Cc1ccc(O)c(C(C)C)c1";"EC50";"'='";"37.0";"nM";"7.43";"";"";"UO_0000065";"20.33";"0.38";"2.20";"11.90";"0";"CHEMBL3131648";"Agonist activity at human recombinant TRbeta1 transfected in CV-1 cells after 8 to 10 hrs by alkaline phosphatase reporter gene assay";"B";"BAO_0000219";"cell-based format";"Homo sapiens";"None";"None";"CV-1";"None";"";"";"";"CHEMBL1947";"Thyroid hormone receptor beta-1";"Homo sapiens";"SINGLE PROTEIN";"CHEMBL3124871";"1";"Scientific Literature";"Bioorg. Med. Chem.";"2014";"CHEMBL3308033";""
"CHEMBL4784974";"";"0";"445.35";"1";"6.49";"6";"COc1ccc(Oc2c(Cl)cc(NC(=O)Cc3cccnc3)cc2Cl)cc1C(C)C";"EC50";"'='";"10000.0";"nM";"5.00";"";"";"UO_0000065";"11.23";"0.23";"-1.49";"8.27";"0";"CHEMBL4689174";"Agonist activity at human TRbeta1 CHO-K1 cells by reporter assay";"B";"BAO_0000219";"cell-based format";"Homo sapiens";"None";"None";"CHO-K1";"None";"";"";"";"CHEMBL1947";"Thyroid hormone receptor beta-1";"Homo sapiens";"SINGLE PROTEIN";"CHEMBL4680341";"1";"Scientific Literature";"Bioorg Med Chem Lett";"2021";"None";""
"CHEMBL4783024";"";"0";"445.35";"1";"6.49";"5";"COc1ccc(Oc2c(Cl)cc(NC(=O)Cc3ccncc3)cc2Cl)cc1C(C)C";"EC50";"'='";"4711.0";"nM";"5.33";"";"";"UO_0000065";"11.96";"0.24";"-1.16";"8.81";"0";"CHEMBL4689174";"Agonist activity at human TRbeta1 CHO-K1 cells by reporter assay";"B";"BAO_0000219";"cell-based format";"Homo sapiens";"None";"None";"CHO-K1";"None";"";"";"";"CHEMBL1947";"Thyroid hormone receptor beta-1";"Homo sapiens";"SINGLE PROTEIN";"CHEMBL4680341";"1";"Scientific Literature";"Bioorg Med Chem Lett";"2021";"None";""
"CHEMBL4778737";"";"0";"286.33";"0";"3.06";"11";"Cc1cc(OCC(=O)O)cc(C)c1Cc1ccc(O)cc1";"EC50";"'='";"32.0";"nM";"7.50";"";"";"UO_0000065";"26.18";"0.49";"4.43";"11.23";"0";"CHEMBL4683761";"Agonist activity at TRbeta (unknown origin) by Lanthascreen TR-FRET assay";"B";"BAO_0000357";"single protein format";"Homo sapiens";"None";"None";"None";"None";"";"";"";"CHEMBL1947";"Thyroid hormone receptor beta-1";"Homo sapiens";"SINGLE PROTEIN";"CHEMBL4680157";"1";"Scientific Literature";"Eur J Med Chem";"2020";"None";""
"CHEMBL4797657";"";"0";"341.23";"1";"5.41";"1";"COc1ccc(Oc2c(Cl)cc(CO)cc2Cl)cc1C(C)C";"EC50";"'='";"54.0";"nM";"7.27";"";"";"UO_0000065";"21.30";"0.45";"1.86";"18.78";"0";"CHEMBL4689174";"Agonist activity at human TRbeta1 CHO-K1 cells by reporter assay";"B";"BAO_0000219";"cell-based format";"Homo sapiens";"None";"None";"CHO-K1";"None";"";"";"";"CHEMBL1947";"Thyroid hormone receptor beta-1";"Homo sapiens";"SINGLE PROTEIN";"CHEMBL4680341";"1";"Scientific Literature";"Bioorg Med Chem Lett";"2021";"None";""
"CHEMBL4792416";"";"0";"327.42";"0";"4.06";"3";"Cc1cc(OCC(=O)O)cc(C)c1Cc1ccc(N)c(C(C)C)c1";"EC50";"'='";"458.0";"nM";"6.34";"";"";"UO_0000065";"19.36";"0.36";"2.28";"8.74";"0";"CHEMBL4683761";"Agonist activity at TRbeta (unknown origin) by Lanthascreen TR-FRET assay";"B";"BAO_0000357";"single protein format";"Homo sapiens";"None";"None";"None";"None";"";"";"";"CHEMBL1947";"Thyroid hormone receptor beta-1";"Homo sapiens";"SINGLE PROTEIN";"CHEMBL4680157";"1";"Scientific Literature";"Eur J Med Chem";"2020";"None";""
"CHEMBL549748";"TETRAC";"0";"747.83";"2";"5.23";"TETRAC";"O=C(O)Cc1cc(I)c(Oc2cc(I)c(O)c(I)c2)c(I)c1";"EC50";"'='";"20.0";"nM";"7.70";"";"";"UO_0000065";"10.30";"0.48";"2.47";"11.53";"0";"CHEMBL4629622";"Agonist activity at THRbeta (unknown origin) incubated for 14 to 16 hrs by dual glo luciferase reporter gene assay";"B";"BAO_0000357";"single protein format";"Homo sapiens";"None";"None";"None";"None";"";"";"";"CHEMBL1947";"Thyroid hormone receptor beta-1";"Homo sapiens";"SINGLE PROTEIN";"CHEMBL4627384";"1";"Scientific Literature";"J Med Chem";"2020";"None";""
"CHEMBL264410";"";"0";"580.12";"1";"3.15";"CO26";"COc1cc(Oc2c(I)cc(CC3NC(=O)NC3=O)cc2I)ccc1O";"EC50";"'='";"8000.0";"nM";"5.10";"";"";"UO_0000065";"8.79";"0.27";"1.95";"5.26";"0";"CHEMBL939182";"Effect on human TRbeta transactivation activity in U2OS cells by luciferase reporter assay";"B";"BAO_0000219";"cell-based format";"Homo sapiens";"None";"None";"U2OS";"None";"";"";"";"CHEMBL1947";"Thyroid hormone receptor beta-1";"Homo sapiens";"SINGLE PROTEIN";"CHEMBL1143954";"1";"Scientific Literature";"Bioorg. Med. Chem.";"2008";"CHEMBL3307757";""
"CHEMBL4744989";"";"0";"444.36";"1";"7.10";"4";"COc1ccc(Oc2c(Cl)cc(NC(=O)Cc3ccccc3)cc2Cl)cc1C(C)C";"EC50";"'='";"6700.0";"nM";"5.17";"";"";"UO_0000065";"11.64";"0.24";"-1.93";"10.88";"0";"CHEMBL4689174";"Agonist activity at human TRbeta1 CHO-K1 cells by reporter assay";"B";"BAO_0000219";"cell-based format";"Homo sapiens";"None";"None";"CHO-K1";"None";"";"";"";"CHEMBL1947";"Thyroid hormone receptor beta-1";"Homo sapiens";"SINGLE PROTEIN";"CHEMBL4680341";"1";"Scientific Literature";"Bioorg Med Chem Lett";"2021";"None";""
"CHEMBL1624";"LEVOTHYROXINE";"4";"776.87";"1";"4.56";"T4";"N[C@@H](Cc1cc(I)c(Oc2cc(I)c(O)c(I)c2)c(I)c1)C(=O)O";"EC50";"'='";"240.0";"nM";"6.62";"";"";"UO_0000065";"8.52";"0.38";"2.06";"7.13";"0";"CHEMBL4629622";"Agonist activity at THRbeta (unknown origin) incubated for 14 to 16 hrs by dual glo luciferase reporter gene assay";"B";"BAO_0000357";"single protein format";"Homo sapiens";"None";"None";"None";"None";"";"";"";"CHEMBL1947";"Thyroid hormone receptor beta-1";"Homo sapiens";"SINGLE PROTEIN";"CHEMBL4627384";"1";"Scientific Literature";"J Med Chem";"2020";"None";""
